{"cameraMode":{"drawMode":0,"name":"Shaded","section":"Shading Mode"},"sceneLighting":false,"audioPlay":false,"sceneViewState":{"showFog":true,"showMaterialUpdate":false,"showSkybox":false,"showFlares":true,"showImageEffects":true,"showParticleSystems":true},"in2DMode":false,"pivot":{"x":-0.5816763639450073,"y":0.07261928915977478,"z":-0.15735793113708497},"rotation":{"x":-0.0586409866809845,"y":0.8780012726783752,"z":-0.11149368435144425,"w":-0.46179264783859255},"size":7.8349456787109379,"orthographic":false}